 <?xml version="1.0" encoding="utf-8" ?>

<ModMetaData>
  <name>Frogge Plush</name> <!-- The name of your mod in the mod list -->
  <author>ElectroHalo8</author>
  <packageId>ElectroHalo.FroggePlush</packageId> <!-- a unique identifier for your mod. Must contain only a-z and periods, no spaces. -->
  <supportedVersions> <!-- the version(s) your mod supports -->
    <li>1.5</li>
  </supportedVersions>
  <description>This mod adds a plushie of the beloved Frogge from Mr samuel streamers Generations II playthrough.\n\nFor version 1.5.</description>
</ModMetaData>

