 <?xml version="1.0" encoding="utf-8" ?>
 
 <ThingDef ParentName="FurnitureWithQualityBase">
    <defName>FroggePlush</defName>
    <label>Frogge Plush</label>
    <description>A stuffed animal resembling that of Frogge the bejewled, hero of old and great bed time snuggle partner</description>
    <thingClass>Building_FroggePlush</thingClass>
    <graphicData>
      <texpath>Things/Textures/MSSFP_Frogge_south<texpath>
      <graphicClass>Graphic_Single</graphicClass>
      <shadowData>
        <volume>(0.5, 0.5, 0.5)</volume>
        <offset>(0, 0, -0)</offset>
      </shadowData>
      <damageData>
        <rect>(0.2,0.2,0.6,0.6)</rect>
      </damageData>
    </graphicData>
    <costList>
      <cloth>200</cloth>
      <ComponentIndustrial>2</ComponentIndustrial>
    </costList>
    <altitudeLayer>Building</altitudeLayer>
    <passability>PassThroughOnly</passability>
    <fillPercent>0.20</fillPercent>
    <statBases>
      <MaxHitPoints>250</MaxHitPoints>
      <WorkToBuild>250</WorkToBuild>
      <Mass>2</Mass>
      <Flammability>0</Flammability>
    <statBases>
      <MaxHitPoints>250</MaxHitPoints>
      <WorkToBuild>3000</WorkToBuild>
      <Mass>5</Mass>
      <Flammability>0</Flammability>
      <Beauty>50</Beauty>
    </statBases>
    <size>(1,1)</size>
    <costStuffCount>100</costStuffCount>
    <rotatable>false</rotatable>
    <building>
      <buildingSizeCategory>Small</buildingSizeCategory>
    </building>
  </ThingDef>

  